phd,Ph.d,p.h.d
ms,m.s.,master of science,masters of science
bs,b.s.,bachelors of science,baccalaureate of science,baccalauréat
ba,b.a,bachelors of arts,bachelor's of arts,bachelors of thearts,bachelor of arts,a.b.,ab,baccalauréat of arts,baccalauréat of arg,baccalaureates of art,baccalaureate of art,baccalaureat of art,baccalaureate of arts
bfa,bachelors of fine arts
ma,masters of arts,master of arts,master of art,masters of art
ms,masters of science,master of science
mse,masters of science engineering,masters of science and engineering,master of science and engineering,master of science engineering,master of engineering,masters of engineering
mfa,masters of fine arts,master of fine arts,master fine arts,master of the fine arts
as,associates
dds,d.d.s,d.ds,dental school
md,medical degree,medical school
jd,j.d.,juris doctorate,doctorite of jurisprudence,law school
mba,masters of business administration,master of business administration,m.b.a
